"IDX","GSVD","GESV","RESV","GEEV","REEV"
   0, 5.88855427324547946e+01, 5.88855427324548089e+01, 2.41330113569110138e-16, 3.46750714289573625e+03,-3.37873942693705810e-15
   1, 1.27620843334114866e+01, 1.27620843334114582e+01,-2.22704290991050678e-15, 1.62870796533107523e+02, 1.88491235545220932e-15
   2, 9.88271787125514933e+00, 9.88271787125514223e+00,-7.18975027939210090e-16, 9.76681125228261351e+01, 1.15034249160146810e-15
   3, 7.83229910775273641e+00, 7.83229910775273641e+00, 0.00000000000000000e+00, 6.13449093133042993e+01,-9.44626287026965511e-17
   4, 6.94370700438398369e+00, 6.94370700438398458e+00, 1.27911275510237440e-16, 4.82150669627312496e+01, 5.50055958700518133e-16
   5, 6.29845093658459376e+00, 6.29845093658459643e+00, 4.23046124503948279e-16, 3.96704842005629317e+01,-5.22652004013618132e-15
   6, 5.82845815979630189e+00, 5.82845815979630011e+00,-3.04773027565549541e-16, 3.39709245204961050e+01, 1.66077489630445941e-16
   7, 5.55850518083647582e+00, 5.55850518083647938e+00, 6.39149117113149501e-16, 3.08969798453859426e+01,-3.82303549054496161e-18
   8, 5.09641260814387920e+00, 5.09641260814388186e+00, 5.22825654822874177e-16, 2.59734214724478960e+01,-2.23800695342473809e-17
   9, 4.80580191866543593e+00, 4.80580191866543860e+00, 5.54441340736805313e-16, 2.30957320814481655e+01,-4.75913532353151670e-15
  10, 4.66160032762149701e+00, 4.66160032762149346e+00,-7.62123182836914978e-16, 2.17305176144807746e+01,-1.69524031221365536e-15
  11, 4.44688341327805503e+00, 4.44688341327805414e+00,-1.99730538706747325e-16, 1.97747720912874918e+01, 1.67644919939891920e-16
  12, 4.33676034040343961e+00, 4.33676034040343783e+00,-4.09604566535719555e-16, 1.88074902500961549e+01,-6.46007202104674884e-17
  13, 4.08095129115605815e+00, 4.08095129115605904e+00, 2.17640044277156929e-16, 1.66541634407882384e+01,-1.79149212227749585e-15
  14, 4.01573616487781582e+00, 4.01573616487781315e+00,-6.63523486030972299e-16, 1.61261369459075787e+01,-2.97851200272366797e-16
  15, 3.85367801158235057e+00, 3.85367801158235102e+00, 1.15237756894929601e-16, 1.48508342169532366e+01,-2.11181067090996234e-15
  16, 3.74921008858314453e+00, 3.74921008858314542e+00, 2.36897479392992544e-16, 1.40565762883336269e+01,-1.24926405148648412e-16
  17, 3.63750304961698934e+00, 3.63750304961698934e+00, 0.00000000000000000e+00, 1.32314284359729015e+01, 1.48733039310367878e-16
  18, 3.52187862493736725e+00, 3.52187862493736681e+00,-1.26094410723186196e-16, 1.24036290487907355e+01, 5.93037775432485078e-16
  19, 3.47298807951973609e+00, 3.47298807951973565e+00,-1.27869488659884406e-16, 1.20616462004862086e+01, 9.89115448901312871e-16
  20, 3.44188758371842107e+00, 3.44188758371842241e+00, 3.87074707451915411e-16, 1.18465901389550616e+01, 1.29157203409370407e-15
  21, 3.37604806362270837e+00, 3.37604806362270615e+00,-6.57705698321023647e-16, 1.13977005278906400e+01, 5.57508345842430201e-17
  22, 3.33277608150091709e+00, 3.33277608150091664e+00,-1.33249038936353281e-16, 1.11073964094246485e+01, 1.84206386248341508e-15
  23, 3.18655659708190253e+00, 3.18655659708190253e+00, 0.00000000000000000e+00, 1.01541429464062105e+01, 7.88001767731316692e-16
  24, 3.15275023637180496e+00, 3.15275023637180407e+00,-2.81715439889156521e-16, 9.93983405294246403e+00,-4.03246490251495283e-16
  25, 3.06657544736750198e+00, 3.06657544736750154e+00,-1.44816006477613478e-16, 9.40388497439718840e+00,-3.46907874892173693e-16
  26, 2.99466735702226794e+00, 2.99466735702226838e+00, 1.48293335087353553e-16, 8.96803257921472863e+00,-3.88256280633979371e-16
  27, 2.97169972006166194e+00, 2.97169972006166150e+00,-1.49439462827303389e-16, 8.83099922621455491e+00,-2.85598660891633527e-16
  28, 2.92715391126400837e+00, 2.92715391126400659e+00,-6.06854608008357566e-16, 8.56823002022817981e+00,-1.37934970716743382e-16
  29, 2.89505399926535523e+00, 2.89505399926535611e+00, 3.06791659128122695e-16, 8.38133765866227165e+00,-3.32714655520760211e-15
  30, 2.85580330030192275e+00, 2.85580330030192364e+00, 3.11008261530555960e-16, 8.15561249001532218e+00,-1.95033159318209482e-15
  31, 2.80007054094966135e+00, 2.80007054094966179e+00, 1.58599293609027077e-16, 7.84039503429413376e+00, 2.95902295351607648e-16
  32, 2.76356896300792299e+00, 2.76356896300792299e+00, 0.00000000000000000e+00, 7.63731341330068059e+00,-4.06756924643370395e-16
  33, 2.72798235659191368e+00, 2.72798235659191324e+00,-1.62790352649078783e-16, 7.44188773787675562e+00,-1.02673973885163605e-15
  34, 2.67930496294608966e+00, 2.67930496294608878e+00,-3.31495828949426047e-16, 7.17867508446754687e+00,-2.02328997161514921e-18
  35, 2.65484403263926527e+00, 2.65484403263926527e+00, 0.00000000000000000e+00, 7.04819683764031613e+00,-5.96244130490479340e-18
  36, 2.60632069228720153e+00, 2.60632069228720242e+00, 3.40778639531383149e-16, 6.79290755104443633e+00,-8.37802954121344802e-17
  37, 2.57534645274426355e+00, 2.57534645274426355e+00, 0.00000000000000000e+00, 6.63240935166246359e+00, 1.74375194982005021e-16
  38, 2.54868111867381808e+00, 2.54868111867381808e+00, 0.00000000000000000e+00, 6.49577544468442714e+00, 1.82835777422301974e-16
  39, 2.53348357112870115e+00, 2.53348357112870071e+00,-1.75287976962177369e-16, 6.41853900517903764e+00, 8.53330630035599788e-17
  40, 2.50216086522155257e+00, 2.50216086522155301e+00, 1.77482277827385396e-16, 6.26080899544627023e+00, 1.34671611203006301e-16
  41, 2.47940948022101271e+00, 2.47940948022101271e+00, 0.00000000000000000e+00, 6.14747137060983739e+00, 4.05972996782208450e-16
  42, 2.46299912363589302e+00, 2.46299912363589391e+00, 3.60608500091137387e-16, 6.06636468303117748e+00, 3.85611628515425234e-17
  43, 2.43689182852707242e+00, 2.43689182852707287e+00, 1.82235914065370279e-16, 5.93844178394201805e+00,-4.19107009398385750e-17
  44, 2.40853568812773933e+00, 2.40853568812773933e+00, 0.00000000000000000e+00, 5.80104416098496500e+00, 1.89963270647878019e-16
  45, 2.38034046984098335e+00, 2.38034046984098291e+00,-1.86565415946454762e-16, 5.66602075236279212e+00,-1.10773215718207515e-16
  46, 2.35718722093924260e+00, 2.35718722093924349e+00, 3.76795874256531263e-16, 5.55633159455927128e+00, 1.41574426386914457e-16
  47, 2.32462170051515882e+00, 2.32462170051515749e+00,-5.73111585964694540e-16, 5.40386605050598590e+00,-2.62396303925567341e-16
  48, 2.31037354452855226e+00, 2.31037354452855137e+00,-3.84430657026660248e-16, 5.33782591525742500e+00,-1.16568084967556648e-16
  49, 2.27678451579556329e+00, 2.27678451579556373e+00, 1.95051049745428878e-16, 5.18374773136644329e+00, 5.50009673964771372e-16
  50, 2.25489095398574779e+00, 2.25489095398574824e+00, 1.96944871797498690e-16, 5.08453321436675854e+00, 2.72145501556113912e-16
  51, 2.22736153041281471e+00, 2.22736153041281382e+00,-3.98758085552241728e-16, 4.96113938716291614e+00, 4.96500545975691605e-18
  52, 2.21999400472277930e+00, 2.21999400472277886e+00,-2.00040724842190754e-16, 4.92837338100508848e+00, 5.10748510839753640e-16
  53, 2.20888250150356624e+00, 2.20888250150356624e+00, 0.00000000000000000e+00, 4.87916190544865103e+00,-1.32918771419132717e-16
  54, 2.18726579284428579e+00, 2.18726579284428579e+00, 0.00000000000000000e+00, 4.78413164854674555e+00, 3.56796474533730511e-16
  55, 2.16936984731821791e+00, 2.16936984731821791e+00, 0.00000000000000000e+00, 4.70616553445346852e+00, 4.44801947766057891e-17
  56, 2.16159037964053091e+00, 2.16159037964053091e+00, 0.00000000000000000e+00, 4.67247296935449530e+00, 7.93493463436538974e-17
  57, 2.12366419589536815e+00, 2.12366419589536770e+00,-2.09114609884369245e-16, 4.50994961692792273e+00, 2.39950846302865100e-16
  58, 2.09991725639228521e+00, 2.09991725639228610e+00, 4.22958769921268155e-16, 4.40965248369410112e+00,-1.58196493046724320e-16
  59, 2.08935034118602880e+00, 2.08935034118602747e+00,-6.37646833701388891e-16, 4.36538484821417594e+00, 1.11256088171856916e-16
  60, 2.08658794129522507e+00, 2.08658794129522507e+00, 0.00000000000000000e+00, 4.35384923675864677e+00, 1.32395432793417107e-16
  61, 2.06861547828306591e+00, 2.06861547828306680e+00, 4.29358877483265341e-16, 4.27916999699228029e+00, 3.21704686278354817e-16
  62, 2.05084096350725220e+00, 2.05084096350725309e+00, 4.33080104944463407e-16, 4.20594865759935654e+00, 2.36312020154022391e-16
  63, 2.03755706149312310e+00, 2.03755706149312266e+00,-2.17951790525382275e-16, 4.15163877884049359e+00, 3.56619360376248048e-16
  64, 2.03149197500652789e+00, 2.03149197500652789e+00, 0.00000000000000000e+00, 4.12695964451592623e+00, 3.47970764914430624e-16
  65, 2.01081431985849513e+00, 2.01081431985849424e+00,-4.41700862644855273e-16, 4.04337422894798504e+00, 3.33432389477024537e-16
  66, 1.99710750556334271e+00, 1.99710750556334249e+00,-1.11183100712646473e-16, 3.98843838877743639e+00,-6.80236451137431788e-17
  67, 1.99121670916623494e+00, 1.99121670916623561e+00, 3.34536071191376458e-16, 3.96494398286280969e+00,-7.39420547978335335e-17
  68, 1.98166841146077921e+00, 1.98166841146077921e+00, 0.00000000000000000e+00, 3.92700969298148861e+00, 6.02921652870416635e-17
  69, 1.96699209306077827e+00, 1.96699209306077805e+00,-1.12885357144224337e-16, 3.86905789416362067e+00,-9.37587854015261706e-17
  70, 1.95696162971172027e+00, 1.95696162971172094e+00, 3.40391862907001399e-16, 3.82969882016395369e+00, 1.97398471278913735e-16
  71, 1.95373575639332930e+00, 1.95373575639333019e+00, 4.54605192536239629e-16, 3.81708340580981575e+00, 1.53218376048896193e-16
  72, 1.94678734016622479e+00, 1.94678734016622546e+00, 3.42170817033470462e-16, 3.78998094783148476e+00, 6.98375983984329362e-17
  73, 1.93056449231126814e+00, 1.93056449231126859e+00, 2.30030756091654756e-16, 3.72707925897306191e+00,-3.48640364701414240e-16
  74, 1.90959874551306230e+00, 1.90959874551306252e+00, 1.16278147671998692e-16, 3.64656736886506128e+00,-2.83882196464840557e-19
  75, 1.89242435395478203e+00, 1.89242435395478137e+00,-3.52000233659543497e-16, 3.58126993544117500e+00, 1.17562578038636598e-16
  76, 1.88244367268531287e+00, 1.88244367268531310e+00, 1.17955510779392329e-16, 3.54359418083296740e+00,-2.75421510032741268e-16
  77, 1.86811079000114200e+00, 1.86811079000114244e+00, 2.37721023949436714e-16, 3.48983792371868340e+00,-1.06777133755413493e-15
  78, 1.85120855046727217e+00, 1.85120855046727151e+00,-3.59837261235073696e-16, 3.42697309732313515e+00,-5.59200223026120385e-16
  79, 1.84358088884192894e+00, 1.84358088884192961e+00, 3.61326057786124683e-16, 3.39879049370319430e+00,-3.62149391902173796e-16
  80, 1.84123549895511918e+00, 1.84123549895511962e+00, 2.41190879766373362e-16, 3.39014816261250695e+00, 4.20435273811500441e-17
  81, 1.82883518727267003e+00, 1.82883518727266958e+00,-2.42826260638789412e-16, 3.34463814220665867e+00,-5.04682606645023013e-16
  82, 1.81800887934720401e+00, 1.81800887934720268e+00,-7.32816899127889728e-16, 3.30515628538527384e+00,-4.15489529315104796e-16
  83, 1.80422956678458291e+00, 1.80422956678458180e+00,-6.15344657389550638e-16, 3.25524432965968602e+00, 3.55325484291446575e-16
  84, 1.79272475750061733e+00, 1.79272475750061688e+00,-2.47717452437709024e-16, 3.21386205615564569e+00,-2.36045218961029863e-16
  85, 1.78871471555109607e+00, 1.78871471555109651e+00, 2.48272799451555053e-16, 3.19950033362903730e+00,-1.91053677702954474e-16
  86, 1.78217551304440880e+00, 1.78217551304440924e+00, 2.49183768152804075e-16, 3.17614955929510012e+00,-2.51069680460601176e-16
  87, 1.76030809913804442e+00, 1.76030809913804465e+00, 1.26139625804004459e-16, 3.09868460389099187e+00,-5.42806895610689111e-16
  88, 1.75455226523865049e+00, 1.75455226523865093e+00, 2.53106857315338247e-16, 3.07845365145408323e+00, 5.67636618969408482e-16
  89, 1.75099465546412048e+00, 1.75099465546412114e+00, 3.80431666479603159e-16, 3.06598228346391588e+00, 3.11887093759401223e-16
  90, 1.74255329504325340e+00, 1.74255329504325318e+00,-1.27424857280775306e-16, 3.03649198606610149e+00, 2.87328120567685724e-16
  91, 1.73278944517046329e+00, 1.73278944517046374e+00, 2.56285731130117373e-16, 3.00255926129415940e+00,-4.36173787038097708e-16
  92, 1.72848746923016172e+00, 1.72848746923016239e+00, 3.85385388458603260e-16, 2.98766893128568567e+00,-6.01600140088942686e-16
  93, 1.72018186453185473e+00, 1.72018186453185473e+00, 0.00000000000000000e+00, 2.95902564706428883e+00, 1.02862260205137556e-16
  94, 1.71540975292853060e+00, 1.71540975292853015e+00,-2.58882292753622218e-16, 2.94263062044232493e+00, 4.32692425827953542e-16
  95, 1.70474511547981833e+00, 1.70474511547981877e+00, 2.60501822716804833e-16, 2.90615590875230012e+00, 1.70318330379785972e-16
  96, 1.68538495909658215e+00, 1.68538495909658237e+00, 1.31747114347130523e-16, 2.84052246034898737e+00,-8.99328446568791366e-17
  97, 1.68204680224204073e+00, 1.68204680224204073e+00, 0.00000000000000000e+00, 2.82928144493267375e+00,-1.97948408288336578e-16
  98, 1.67759835907201760e+00, 1.67759835907201804e+00, 2.64717241435378822e-16, 2.81433625436112278e+00,-5.87664520598608308e-16
  99, 1.67106669314335976e+00, 1.67106669314335932e+00,-2.65751936575738143e-16, 2.79246389293308894e+00, 9.40382951349792149e-16
 100, 1.66604768961517835e+00, 1.66604768961517924e+00, 5.33105039691436199e-16, 2.77571490407207788e+00, 7.60286398768926894e-16
 101, 1.65630031575061309e+00, 1.65630031575061287e+00,-1.34060594454698072e-16, 2.74333073595558163e+00, 1.81911324213674777e-16
 102, 1.64905098426485908e+00, 1.64905098426485952e+00, 2.69299866461094269e-16, 2.71936914870489765e+00,-5.22886190909444024e-16
 103, 1.64582660282695525e+00, 1.64582660282695525e+00, 0.00000000000000000e+00, 2.70874520657291695e+00, 1.17588382309682834e-16
 104, 1.63871094782826643e+00, 1.63871094782826643e+00, 0.00000000000000000e+00, 2.68537357053221415e+00,-2.21245367866516469e-16
 105, 1.63500303669418035e+00, 1.63500303669418012e+00,-1.35806845578699504e-16, 2.67323492999919310e+00, 3.47739794050146580e-16
 106, 1.62592864004153048e+00, 1.62592864004153004e+00,-2.73129582020721040e-16, 2.64364394250729973e+00,-2.02980089763446008e-16
 107, 1.61913259791270225e+00, 1.61913259791270270e+00, 2.74275998409616538e-16, 2.62159036962353564e+00,-1.34928256053558917e-16
 108, 1.61814121132461586e+00, 1.61814121132461608e+00, 1.37222019543810299e-16, 2.61838097978709561e+00, 9.40051237402176998e-17
 109, 1.60787555642137026e+00, 1.60787555642137003e+00,-1.38098128327314943e-16, 2.58526380493733532e+00, 8.34522673915453974e-16
 110, 1.60499108015254732e+00, 1.60499108015254754e+00, 1.38346317104719951e-16, 2.57599636736923943e+00,-2.24745213382521132e-16
 111, 1.59683270425966550e+00, 1.59683270425966484e+00,-4.17159426280620573e-16, 2.54987468539323636e+00, 2.24060238724942690e-18
 112, 1.58217928450598166e+00, 1.58217928450598166e+00, 0.00000000000000000e+00, 2.50329128831985726e+00,-5.62597420107502280e-16
 113, 1.57283528983161491e+00, 1.57283528983161580e+00, 5.64698939197385450e-16, 2.47381084893970149e+00, 2.83590263166265105e-16
 114, 1.57105628326557301e+00, 1.57105628326557278e+00,-1.41334595895885326e-16, 2.46821784518824305e+00, 1.35434152561364722e-15
 115, 1.56883020117844962e+00, 1.56883020117844985e+00, 1.41535141762466884e-16, 2.46122820012961974e+00, 1.01928799113995316e-15
 116, 1.55969963792402178e+00, 1.55969963792402155e+00,-1.42363695884789228e-16, 2.43266296054032383e+00,-1.64260455749881321e-16
 117, 1.55439636782332768e+00, 1.55439636782332791e+00, 1.42849410563129188e-16, 2.41614806830236262e+00, 1.82167873812365478e-15
 118, 1.54755889381369882e+00, 1.54755889381369904e+00, 1.43480552380038794e-16, 2.39493852982188038e+00, 2.57886676421349024e-16
 119, 1.54234178848891590e+00, 1.54234178848891590e+00, 0.00000000000000000e+00, 2.37881819251918802e+00, 4.95585697869959352e-17
 120, 1.53682074647402556e+00, 1.53682074647402511e+00,-2.88966173100506326e-16, 2.36181800679298304e+00, 4.02972358581565463e-16
 121, 1.53330719656989545e+00, 1.53330719656989567e+00, 1.44814167325216397e-16, 2.35103095905303050e+00,-3.18478032047253248e-16
 122, 1.51990132824114466e+00, 1.51990132824114421e+00,-2.92182921087364341e-16, 2.31010004758919507e+00,-1.46662130311430929e-16
 123, 1.51577703060389957e+00, 1.51577703060389979e+00, 1.46488962718063281e-16, 2.29758000650637584e+00, 1.64227860547203756e-16
 124, 1.50826721842334321e+00, 1.50826721842334299e+00,-1.47218345802903621e-16, 2.27487000217048863e+00,-6.23233915093346871e-17
 125, 1.50546751030022263e+00, 1.50546751030022308e+00, 2.94984253603388403e-16, 2.26643242456955019e+00,-1.66504783772225095e-16
 126, 1.49867936502166321e+00, 1.49867936502166299e+00,-1.48160180294349808e-16, 2.24603983914173888e+00, 7.20616970660165250e-16
 127, 1.49644353454893952e+00, 1.49644353454893952e+00, 0.00000000000000000e+00, 2.23934325209331853e+00,-1.03483086879573928e-15
 128, 1.49348680824421454e+00, 1.49348680824421431e+00,-1.48675303791985445e-16, 2.23050284639949448e+00, 7.25227678165007125e-16
 129, 1.48762362561543027e+00, 1.48762362561543027e+00, 0.00000000000000000e+00, 2.21302405148919590e+00,-4.37799073500602488e-16
 130, 1.48375200275894970e+00, 1.48375200275894925e+00,-2.99301506602386932e-16, 2.20152000569119366e+00,-1.37155499973798895e-16
 131, 1.47663799444611876e+00, 1.47663799444611876e+00, 0.00000000000000000e+00, 2.18045976664185481e+00,-2.41196837004781669e-16
 132, 1.46552794411795340e+00, 1.46552794411795362e+00, 1.51511682746296369e-16, 2.14777215499059881e+00, 8.57135916161420764e-16
 133, 1.46148414637021662e+00, 1.46148414637021706e+00, 3.03861804421905735e-16, 2.13593591009148431e+00, 8.32949301769813864e-16
 134, 1.46074965615422037e+00, 1.46074965615422059e+00, 1.52007295698852239e-16, 2.13378955795467329e+00, 6.06396291923643941e-17
 135, 1.45303968864012956e+00, 1.45303968864012956e+00, 0.00000000000000000e+00, 2.11132433676340536e+00, 1.69677109270114015e-16
 136, 1.45096925016261835e+00, 1.45096925016261813e+00,-1.53031916355322837e-16, 2.10531176491746841e+00,-6.04580681265096227e-16
 137, 1.44682629072583402e+00, 1.44682629072583335e+00,-4.60410360970778615e-16, 2.09330631553547519e+00,-9.29213619146753715e-17
 138, 1.43745242793228822e+00, 1.43745242793228889e+00, 4.63412772367916183e-16, 2.06626948256843157e+00, 3.14825018206979516e-16
 139, 1.43547266123052841e+00, 1.43547266123052841e+00, 0.00000000000000000e+00, 2.06058176114025393e+00,-3.53779149758850149e-16
 140, 1.42934223749831979e+00, 1.42934223749831957e+00,-1.55347403231895555e-16, 2.04301923189670909e+00, 1.43696347989503389e-15
 141, 1.42749012157480415e+00, 1.42749012157480371e+00,-3.11097921546486303e-16, 2.03772804719364897e+00,-3.88872401933107879e-17
 142, 1.41777506440017498e+00, 1.41777506440017476e+00,-1.56614832987609924e-16, 2.01008613323491714e+00,-7.87968378468912428e-16
 143, 1.41170356313558587e+00, 1.41170356313558609e+00, 1.57288407228951098e-16, 1.99290695016970476e+00,-1.08419943596245247e-15
 144, 1.40746277671540643e+00, 1.40746277671540665e+00, 1.57762328495263255e-16, 1.98095146783944309e+00, 2.73387941323090475e-16
 145, 1.40399854676966473e+00, 1.40399854676966451e+00,-1.58151591706354663e-16, 1.97121191933132867e+00,-4.53450266845563759e-16
 146, 1.40069922886885467e+00, 1.40069922886885445e+00,-1.58524114491263852e-16, 1.96195832975380036e+00,-9.60433209281055604e-16
 147, 1.39236291683016322e+00, 1.39236291683016322e+00, 0.00000000000000000e+00, 1.93867449216379750e+00,-6.50741085240103263e-16
 148, 1.38981610331539840e+00, 1.38981610331539840e+00, 0.00000000000000000e+00, 1.93158880103479436e+00,-9.83790126233113455e-16
 149, 1.38822381108719850e+00, 1.38822381108719783e+00,-4.79846123841807567e-16, 1.92716534966946473e+00,-2.74130842233845143e-16
 150, 1.38738791686883878e+00, 1.38738791686883944e+00, 4.80135228709843988e-16, 1.92484523187365464e+00,-3.27279677382296000e-16
 151, 1.38266516523112637e+00, 1.38266516523112704e+00, 4.81775220440838232e-16, 1.91176295914359229e+00,-6.72054476612996118e-15
 152, 1.37676392733855280e+00, 1.37676392733855368e+00, 6.45120344936026157e-16, 1.89547891162067805e+00, 5.72906556324412878e-16
 153, 1.37300789527137290e+00, 1.37300789527137290e+00, 0.00000000000000000e+00, 1.88515068047752377e+00,-4.06909079988470377e-16
 154, 1.36735219812728626e+00, 1.36735219812728626e+00, 0.00000000000000000e+00, 1.86965203372352118e+00,-8.26223605942328482e-17
 155, 1.36278981646666320e+00, 1.36278981646666320e+00, 0.00000000000000000e+00, 1.85719608386523949e+00,-5.56664168547274184e-16
 156, 1.35798230249482521e+00, 1.35798230249482521e+00, 0.00000000000000000e+00, 1.84411593388914641e+00,-1.50177530494953207e-16
 157, 1.35536355012975096e+00, 1.35536355012975074e+00,-1.63826602024065535e-16, 1.83701035302029747e+00,-6.66121523620507092e-15
 158, 1.34931869735506549e+00, 1.34931869735506593e+00, 3.29121067336105462e-16, 1.82066094703196146e+00,-2.56780321017087946e-15
 159, 1.34232599543942466e+00, 1.34232599543942444e+00,-1.65417793948289477e-16, 1.80183907803244270e+00, 1.08797738500168909e-16
 160, 1.34103686053319437e+00, 1.34103686053319437e+00, 0.00000000000000000e+00, 1.79837986130872762e+00, 3.89930152689352793e-16
 161, 1.33626256016444511e+00, 1.33626256016444467e+00,-3.32336790005858920e-16, 1.78559762969723690e+00,-1.10508473629877893e-16
 162, 1.33583780090153881e+00, 1.33583780090153903e+00, 1.66221231930385872e-16, 1.78446263031745112e+00,-2.27539660017986715e-15
 163, 1.32861335757678090e+00, 1.32861335757678112e+00, 1.67125073414896249e-16, 1.76521345393144324e+00,-1.07905021765877592e-15
 164, 1.32526470609321523e+00, 1.32526470609321523e+00, 0.00000000000000000e+00, 1.75632654121632714e+00,-2.56139665247834998e-15
 165, 1.31907355034261808e+00, 1.31907355034261764e+00,-3.36667511629441920e-16, 1.73995503121347928e+00,-3.73983686014150571e-17
 166, 1.31553788579908404e+00, 1.31553788579908404e+00, 0.00000000000000000e+00, 1.73063992897272034e+00,-1.02170028528965964e-15
 167, 1.31354497096904699e+00, 1.31354497096904699e+00, 0.00000000000000000e+00, 1.72540039075807328e+00,-3.52611580358843980e-16
 168, 1.30996516100494564e+00, 1.30996516100494498e+00,-5.08512618964664971e-16, 1.71600872304671226e+00,-2.63691602217028417e-16
 169, 1.30310353927616518e+00, 1.30310353927616518e+00, 0.00000000000000000e+00, 1.69807883407407645e+00, 2.43888665207072512e-15
 170, 1.29997197078797933e+00, 1.29997197078797910e+00,-1.70807225013042971e-16, 1.68992712483438634e+00, 9.96736887759217061e-16
 171, 1.29930132030963508e+00, 1.29930132030963508e+00, 0.00000000000000000e+00, 1.68818392095836289e+00, 5.81862084688698177e-16
 172, 1.29580631709919647e+00, 1.29580631709919625e+00,-1.71356322310653905e-16, 1.67911401143417804e+00,-1.56889765607767156e-15
 173, 1.29225207001487541e+00, 1.29225207001487519e+00,-1.71827625644643233e-16, 1.66991541245773667e+00, 1.86031930830989961e-15
 174, 1.28774836663989012e+00, 1.28774836663988990e+00,-1.72428566540845428e-16, 1.65829585578368932e+00,-4.68689132919715981e-15
 175, 1.28427744359764806e+00, 1.28427744359764806e+00, 0.00000000000000000e+00, 1.64936855213370959e+00,-1.54321917058010662e-16
 176, 1.28078134618708317e+00, 1.28078134618708339e+00, 1.73366520043458964e-16, 1.64040085674078595e+00,-3.36270099717107611e-15
 177, 1.27621866324049282e+00, 1.27621866324049305e+00, 1.73986332687871721e-16, 1.62873407640335155e+00, 3.44319632023410197e-16
 178, 1.27530559824570466e+00, 1.27530559824570422e+00,-3.48221799120890314e-16, 1.62640436891682549e+00,-2.82097063926498594e-15
 179, 1.26906414379480381e+00, 1.26906414379480381e+00, 0.00000000000000000e+00, 1.61052380106563553e+00,-9.17808922107177827e-16
 180, 1.26629435233477272e+00, 1.26629435233477317e+00, 3.50699826648723677e-16, 1.60350138675493792e+00,-1.12205108111121186e-15
 181, 1.26366019913065175e+00, 1.26366019913065220e+00, 3.51430875290349757e-16, 1.59683709886692271e+00, 1.33820003952724247e-15
 182, 1.26034086827628888e+00, 1.26034086827628888e+00, 0.00000000000000000e+00, 1.58845910424742010e+00,-3.04449375976459169e-15
 183, 1.25477283117913174e+00, 1.25477283117913219e+00, 3.53920007522592198e-16, 1.57445485786528505e+00,-2.79360052812815634e-15
 184, 1.25296071401860498e+00, 1.25296071401860454e+00,-3.54431870753346236e-16, 1.56991055087401321e+00, 2.52325032987489654e-16
 185, 1.25085258976309599e+00, 1.25085258976309599e+00, 0.00000000000000000e+00, 1.56463220131703706e+00,-2.25212988950410597e-15
 186, 1.24701891932089959e+00, 1.24701891932089981e+00, 1.78060333716470119e-16, 1.55505618514426613e+00, 5.97475885400186845e-16
 187, 1.24123280762297084e+00, 1.24123280762297084e+00, 0.00000000000000000e+00, 1.54065888271960283e+00,-3.15329229024177885e-17
 188, 1.24053717897747795e+00, 1.24053717897747773e+00,-1.78990689427021635e-16, 1.53893249242540220e+00, 9.87158123573344417e-16
 189, 1.23502343725580155e+00, 1.23502343725580133e+00,-1.79789790401395274e-16, 1.52528289057112887e+00,-1.93906098163379825e-15
 190, 1.23403030003075154e+00, 1.23403030003075176e+00, 1.79934483715268617e-16, 1.52283078139396943e+00,-5.65449386593309225e-15
 191, 1.22586194627426726e+00, 1.22586194627426726e+00, 0.00000000000000000e+00, 1.50273751132333633e+00, 6.08318299219550257e-16
 192, 1.22037594325443188e+00, 1.22037594325443211e+00, 1.81947707304762898e-16, 1.48931744287414825e+00, 1.30854872113859996e-15
 193, 1.21759601661658379e+00, 1.21759601661658357e+00,-1.82363117072312404e-16, 1.48254005968057334e+00, 3.90905314427466530e-16
 194, 1.21512921296199772e+00, 1.21512921296199683e+00,-7.30933311639428396e-16, 1.47653900419364992e+00, 2.00301781164471778e-15
 195, 1.21237565681017490e+00, 1.21237565681017445e+00,-3.66296706268818565e-16, 1.46985473322590288e+00,-3.42508883058978297e-17
 196, 1.21114190515860365e+00, 1.21114190515860387e+00, 1.83334920523581191e-16, 1.46686471443120969e+00,-8.12205924760962961e-16
 197, 1.20988896659237488e+00, 1.20988896659237488e+00, 0.00000000000000000e+00, 1.46383131148195300e+00,-4.03754513284729671e-15
 198, 1.20781146707585463e+00, 1.20781146707585485e+00, 1.83840451078517670e-16, 1.45880853999992421e+00,-1.38930598698350487e-15
 199, 1.20161506122043016e+00, 1.20161506122043038e+00, 1.84788466865178845e-16, 1.44387875535177712e+00,-3.45034715474826125e-16
 200, 1.19767403231672454e+00, 1.19767403231672476e+00, 1.85396526044334974e-16, 1.43442308768580551e+00, 1.03986811263245891e-15
 201, 1.19594344437616917e+00, 1.19594344437616940e+00, 1.85664803774107175e-16, 1.43028072214632140e+00,-4.84033945464215345e-15
 202, 1.19523696046258521e+00, 1.19523696046258521e+00, 0.00000000000000000e+00, 1.42859139165584237e+00, 1.01305182678017969e-15
 203, 1.18928155374346223e+00, 1.18928155374346178e+00,-3.73409650937759602e-16, 1.41439061407446687e+00, 1.14292890473796194e-15
 204, 1.18773251545830894e+00, 1.18773251545830849e+00,-3.73896651030642569e-16, 1.41070852827691895e+00,-1.10726718188517929e-15
 205, 1.18556710375844854e+00, 1.18556710375844809e+00,-3.74579564870031058e-16, 1.40556935751419187e+00,-1.42460948768196871e-15
 206, 1.18070869161456393e+00, 1.18070869161456438e+00, 3.76120895021778306e-16, 1.39407301445417620e+00, 2.73550816960419329e-16
 207, 1.17766509703975131e+00, 1.17766509703975086e+00,-3.77092953647307320e-16, 1.38689508078563506e+00,-4.25564496639325704e-15
 208, 1.17714519870364120e+00, 1.17714519870364076e+00,-3.77259500645397261e-16, 1.38567081883103604e+00, 4.00377697584360814e-16
 209, 1.17521565326326916e+00, 1.17521565326326960e+00, 3.77878909812800762e-16, 1.38113183167501474e+00, 8.21351546402188765e-16
 210, 1.16941291702378170e+00, 1.16941291702378125e+00,-3.79753980296620430e-16, 1.36752657050205428e+00,-5.79430774086862477e-15
 211, 1.16908443022477182e+00, 1.16908443022477204e+00, 1.89930341371786398e-16, 1.36675840499397339e+00,-2.18929959412293042e-15
 212, 1.16177598770576629e+00, 1.16177598770576673e+00, 3.82250291406895163e-16, 1.34972344560971136e+00, 9.39387556958448904e-16
 213, 1.15991828089558857e+00, 1.15991828089558857e+00, 0.00000000000000000e+00, 1.34541041835578090e+00, 1.25981951672292199e-15
 214, 1.15700141669993628e+00, 1.15700141669993628e+00, 0.00000000000000000e+00, 1.33865227824565869e+00,-3.37161161628425497e-16
 215, 1.15633741601629692e+00, 1.15633741601629647e+00,-3.84048119259165974e-16, 1.33711621967925054e+00, 1.50253200955276727e-15
 216, 1.15334532982212945e+00, 1.15334532982212967e+00, 1.92522221388172909e-16, 1.33020544982250888e+00,-2.88896138071353996e-15
 217, 1.15186965452061618e+00, 1.15186965452061640e+00, 1.92768864127635676e-16, 1.32680370100544964e+00, 2.24743269959743996e-15
 218, 1.14986562938167225e+00, 1.14986562938167181e+00,-3.86209656591672163e-16, 1.32219096563331173e+00, 9.41008880074435592e-16
 219, 1.14861579283965476e+00, 1.14861579283965454e+00,-1.93314950316052672e-16, 1.31931823956067573e+00, 2.66619828448594911e-15
 220, 1.14496884932139986e+00, 1.14496884932140031e+00, 3.87861390389149372e-16, 1.31095366591634432e+00,-9.96868164351252710e-15
 221, 1.14132650953417003e+00, 1.14132650953416981e+00,-1.94549590384664190e-16, 1.30262620136544593e+00,-2.29498220415190536e-15
 222, 1.13919821683673517e+00, 1.13919821683673517e+00, 0.00000000000000000e+00, 1.29777257724400252e+00, 2.09883672186694544e-15
 223, 1.13740091137195831e+00, 1.13740091137195831e+00, 0.00000000000000000e+00, 1.29368083318975491e+00,-2.49612232633607277e-15
 224, 1.13410751188686731e+00, 1.13410751188686776e+00, 3.91575935434208334e-16, 1.28619984851820890e+00,-4.66009779020408190e-15
 225, 1.13090058361139678e+00, 1.13090058361139656e+00,-1.96343169455230289e-16, 1.27893613001259299e+00,-1.89833549725733152e-15
 226, 1.12809704524475651e+00, 1.12809704524475651e+00, 0.00000000000000000e+00, 1.27260294348993908e+00,-4.38006907447699898e-15
 227, 1.12745716025045795e+00, 1.12745716025045795e+00, 0.00000000000000000e+00, 1.27115964820002869e+00, 7.40362722439192401e-16
 228, 1.12430893435578505e+00, 1.12430893435578483e+00,-1.97494299066706330e-16, 1.26407057987224070e+00,-1.11090543225022311e-16
 229, 1.12132546982578551e+00, 1.12132546982578529e+00,-1.98019764020458056e-16, 1.25737080928002709e+00, 3.36817308576789863e-15
 230, 1.11928490666805902e+00, 1.11928490666805902e+00, 0.00000000000000000e+00, 1.25279870229492585e+00, 1.01612026764744547e-16
 231, 1.11358631411443931e+00, 1.11358631411443931e+00, 0.00000000000000000e+00, 1.24007447898294032e+00,-1.70880774382182624e-14
 232, 1.11235340590956411e+00, 1.11235340590956411e+00, 0.00000000000000000e+00, 1.23733009963860296e+00,-1.82900988648067951e-15
 233, 1.10821424936461477e+00, 1.10821424936461477e+00, 0.00000000000000000e+00, 1.22813882249477646e+00,-4.12856374163394591e-17
 234, 1.10566244672602099e+00, 1.10566244672602099e+00, 0.00000000000000000e+00, 1.22248944610017585e+00, 1.90224765309932425e-15
 235, 1.10232461653666891e+00, 1.10232461653666869e+00,-2.01433045759842176e-16, 1.21511956022262191e+00,-3.79593099679990086e-14
 236, 1.10131373304426994e+00, 1.10131373304427016e+00, 2.01617938887633661e-16, 1.21289193859190259e+00,-1.18932925766674915e-15
 237, 1.09942568753504832e+00, 1.09942568753504766e+00,-6.05892533099340019e-16, 1.20873684241190871e+00,-2.06983697545931765e-15
 238, 1.09846437590388701e+00, 1.09846437590388701e+00, 0.00000000000000000e+00, 1.20662398512991409e+00,-7.88724673315189310e-16
 239, 1.09453552314576208e+00, 1.09453552314576208e+00, 0.00000000000000000e+00, 1.19800801142796765e+00, 2.37337971252790474e-16
 240, 1.09175728139316019e+00, 1.09175728139315997e+00,-2.03382756139429222e-16, 1.19193396147498398e+00, 4.56816737422546104e-18
 241, 1.08980319885201271e+00, 1.08980319885201316e+00, 4.07494867254804853e-16, 1.18767101222806337e+00,-6.81479453294778624e-15
 242, 1.08680273724806264e+00, 1.08680273724806242e+00,-2.04309942655536065e-16, 1.18114018968988344e+00, 8.22826370616631573e-16
 243, 1.08339747347993876e+00, 1.08339747347993876e+00, 0.00000000000000000e+00, 1.17375008554271743e+00, 1.20419375721939517e-15
 244, 1.08243131104089096e+00, 1.08243131104089119e+00, 2.05135053522710909e-16, 1.17165754312168691e+00,-6.45884944155515995e-15
 245, 1.07920498152684741e+00, 1.07920498152684718e+00,-2.05748313551041091e-16, 1.16468339215236338e+00, 1.42255669916149504e-16
 246, 1.07638816328759201e+00, 1.07638816328759224e+00, 2.06286739763882826e-16, 1.15861147806562004e+00,-6.82388074159363761e-15
 247, 1.07352609259070131e+00, 1.07352609259070153e+00, 2.06836709845756216e-16, 1.15245827147304980e+00,-3.99099915184313885e-15
 248, 1.07128659213793331e+00, 1.07128659213793287e+00,-4.14538194642955066e-16, 1.14765496249445520e+00,-2.24295929808472348e-14
 249, 1.06910856997880499e+00, 1.06910856997880521e+00, 2.07691352553121268e-16, 1.14299313440212846e+00, 1.35476014587751320e-15
 250, 1.06775187345919509e+00, 1.06775187345919509e+00, 0.00000000000000000e+00, 1.14009406327561935e+00,-7.06113666936340607e-16
 251, 1.06331286475920517e+00, 1.06331286475920561e+00, 4.17646794812954517e-16, 1.13063424836240856e+00,-8.48304266144007909e-15
 252, 1.06250655890175838e+00, 1.06250655890175860e+00, 2.08981867513875766e-16, 1.12892018770926184e+00, 2.69523343097851593e-15
 253, 1.06076999219482659e+00, 1.06076999219482704e+00, 4.18647975638152156e-16, 1.12523297634100761e+00,-2.16253756556445882e-15
 254, 1.05774547976663325e+00, 1.05774547976663347e+00, 2.09922527841026791e-16, 1.11882549996674663e+00, 6.65028008121377843e-16
 255, 1.05511756264883694e+00, 1.05511756264883694e+00, 0.00000000000000000e+00, 1.11327307101002848e+00, 2.75829347802397479e-15
 256, 1.05398052965789724e+00, 1.05398052965789768e+00, 4.21344794665425020e-16, 1.11087495689794324e+00, 7.42291024976979234e-16
 257, 1.05114511517621922e+00, 1.05114511517621945e+00, 2.11240676210350499e-16, 1.10490605315882862e+00, 6.50122061598554296e-16
 258, 1.04924785982499258e+00, 1.04924785982499258e+00, 0.00000000000000000e+00, 1.10092107134733319e+00, 2.68620225545508633e-15
 259, 1.04734089496578986e+00, 1.04734089496578964e+00,-2.12007958432945684e-16, 1.09692295026774578e+00, 1.87411722630373470e-15
 260, 1.04446492209026731e+00, 1.04446492209026665e+00,-6.37775190613365254e-16, 1.09090697347702492e+00,-1.48648123853896329e-15
 261, 1.04210397062158355e+00, 1.04210397062158311e+00,-4.26146740027462722e-16, 1.08598068558527516e+00, 2.24954707345551733e-15
 262, 1.03975853705712695e+00, 1.03975853705712673e+00,-2.13554009908390508e-16, 1.08109781538315652e+00,-9.39700208248258583e-15
 263, 1.03879967540438334e+00, 1.03879967540438289e+00,-4.27502260892782648e-16, 1.07910476562019597e+00,-2.60466398257182483e-14
 264, 1.03736034157055079e+00, 1.03736034157055057e+00,-2.14047709389833149e-16, 1.07611647826332479e+00,-2.09162655709715571e-14
 265, 1.03156293127995480e+00, 1.03156293127995480e+00, 0.00000000000000000e+00, 1.06412208119088292e+00,-4.61727386620626983e-15
 266, 1.03070482186062762e+00, 1.03070482186062740e+00,-2.15429869168746629e-16, 1.06235242980674527e+00,-1.33802145304026227e-15
 267, 1.02979778755908491e+00, 1.02979778755908469e+00,-2.15619617372980074e-16, 1.06048348326155839e+00,-1.30996287365226073e-14
 268, 1.02434014547313823e+00, 1.02434014547313756e+00,-6.50305289428454091e-16, 1.04927273362793194e+00, 9.28780747840931746e-16
 269, 1.02417953919342342e+00, 1.02417953919342342e+00, 0.00000000000000000e+00, 1.04894372850245365e+00, 2.49195752928322707e-16
 270, 1.02231067301732970e+00, 1.02231067301733014e+00, 4.34397509065754065e-16, 1.04511911216514286e+00,-1.30870733932407353e-15
 271, 1.01937808965614862e+00, 1.01937808965614840e+00,-2.17823599681184292e-16, 1.03913168967102498e+00, 2.88860895690492392e-15
 272, 1.01837516554858198e+00, 1.01837516554858221e+00, 2.18038118403466295e-16, 1.03708797780609796e+00,-1.83320232460414362e-15
 273, 1.01482945526993884e+00, 1.01482945526993906e+00, 2.18799921279353003e-16, 1.02987882328347835e+00,-1.18801519757148701e-15
 274, 1.01152746973374641e+00, 1.01152746973374574e+00,-6.58542486197071075e-16, 1.02318782202594116e+00,-6.88800712735715796e-15
 275, 1.00965285907521563e+00, 1.00965285907521563e+00, 0.00000000000000000e+00, 1.01939889583874388e+00,-6.54492656727040500e-15
 276, 1.00855219611791269e+00, 1.00855219611791247e+00,-2.20161738559212304e-16, 1.01717753229426178e+00,-1.39944605105655555e-15
 277, 1.00603681817448831e+00, 1.00603681817448876e+00, 4.41424410943416601e-16, 1.01211007952265009e+00, 8.04823608624373823e-16
 278, 1.00391351872855439e+00, 1.00391351872855417e+00,-2.21179016700809447e-16, 1.00784235308593573e+00,-5.85174015669758743e-15
 279, 1.00085206086491074e+00, 1.00085206086491030e+00,-4.43711140951532921e-16, 1.00170484773742552e+00,-5.66421753533483103e-14
 280, 9.97709925295809930e-01, 9.97709925295809708e-01,-2.22554270830970780e-16, 9.95425095033757534e-01,-6.57811960612625475e-15
 281, 9.96430878534353193e-01, 9.96430878534353082e-01,-1.11419973883003288e-16, 9.92874495696736470e-01,-3.25130882773244262e-15
 282, 9.94653921514724093e-01, 9.94653921514723649e-01,-4.46476106155369599e-16, 9.89336423584607938e-01,-5.54825044026081851e-15
 283, 9.92137048656047016e-01, 9.92137048656047349e-01, 3.35706551669167868e-16, 9.84335923315926897e-01,-2.28913183303707484e-15
 284, 9.90510483679194254e-01, 9.90510483679194476e-01, 2.24171887712141508e-16, 9.81111018278388869e-01,-1.26222564607058584e-15
 285, 9.89447801946824579e-01, 9.89447801946824579e-01, 0.00000000000000000e+00, 9.79006952777357053e-01,-2.32600207009415956e-14
 286, 9.87825152186213029e-01, 9.87825152186212918e-01,-1.12390641417467220e-16, 9.75798531291704685e-01,-5.25036613102213934e-15
 287, 9.83653075188444026e-01, 9.83653075188443915e-01,-1.12867336323069471e-16, 9.67573372327674486e-01,-4.25319173863910471e-15
 288, 9.80773690757326566e-01, 9.80773690757326677e-01, 1.13198695589792253e-16, 9.61917032481752976e-01, 2.56460267415564979e-15
 289, 9.78550383643530752e-01, 9.78550383643530974e-01, 2.26911775455313068e-16, 9.57560853328876971e-01,-1.26607463775774533e-14
 290, 9.77759610866974826e-01, 9.77759610866974715e-01,-1.13547646301397849e-16, 9.56013856642706106e-01,-1.67003194729861099e-14
 291, 9.77324104332309651e-01, 9.77324104332309540e-01,-1.13598244400575903e-16, 9.55162404908954876e-01, 1.88246934495446532e-15
 292, 9.75226351631312327e-01, 9.75226351631312549e-01, 2.27685197957997790e-16, 9.51066436916096047e-01,-1.26111807204899596e-14
 293, 9.72774207551429737e-01, 9.72774207551429737e-01, 0.00000000000000000e+00, 9.46289658877313644e-01, 8.16071010653226051e-16
 294, 9.68441085360191356e-01, 9.68441085360191134e-01,-2.29280446979845421e-16, 9.37878135813626668e-01, 6.54311314635598909e-16
 295, 9.67624051018172282e-01, 9.67624051018172060e-01,-2.29474044895212346e-16, 9.36296304108814481e-01,-2.13299934357798332e-15
 296, 9.63976269036452615e-01, 9.63976269036452615e-01, 0.00000000000000000e+00, 9.29250247265416496e-01,-1.22559476128665279e-14
 297, 9.62898296967794276e-01, 9.62898296967794720e-01, 4.61200535143241523e-16, 9.27173130303481585e-01, 1.64465957435785090e-15
 298, 9.60126882467121745e-01, 9.60126882467121967e-01, 2.31265897226489674e-16, 9.21843630436042449e-01, 4.46716956119693275e-15
 299, 9.58970196296927258e-01, 9.58970196296927146e-01,-1.15772422220449973e-16, 9.19623837385773024e-01, 3.16836558623622076e-15
 300, 9.57689121223484929e-01, 9.57689121223485040e-01, 1.15927287887201187e-16, 9.17168452909788878e-01,-1.19573789784512467e-14
 301, 9.56053874153135808e-01, 9.56053874153135808e-01, 0.00000000000000000e+00, 9.14039010283157149e-01,-3.44025974523820222e-14
 302, 9.51361280670593445e-01, 9.51361280670593223e-01,-2.33396722608383847e-16, 9.05088286359167937e-01,-1.31150040207497175e-14
 303, 9.50664108730556512e-01, 9.50664108730556734e-01, 2.33567884688034072e-16, 9.03762247628464910e-01, 8.49705822689549732e-16
 304, 9.50091315354955279e-01, 9.50091315354955168e-01,-1.16854349332766594e-16, 9.02673507512881224e-01,-1.54305940062767247e-14
 305, 9.48938410537170207e-01, 9.48938410537170540e-01, 3.50988961653481967e-16, 9.00484106992811673e-01, 3.81837600861307531e-16
 306, 9.46519302331452650e-01, 9.46519302331452761e-01, 1.17295339026945489e-16, 8.95898789686022212e-01, 1.30949249585550862e-15
 307, 9.41973474881553474e-01, 9.41973474881553474e-01, 0.00000000000000000e+00, 8.87314027380430970e-01, 1.30493506009816856e-15
 308, 9.39569446444889822e-01, 9.39569446444889933e-01, 1.18162955258494174e-16, 8.82790744692748652e-01,-4.54863911314155527e-15
 309, 9.36661856070680754e-01, 9.36661856070680643e-01,-1.18529757289633754e-16, 8.77335432617761701e-01,-6.25018753856416894e-15
 310, 9.35658841172764322e-01, 9.35658841172764433e-01, 1.18656819747846522e-16, 8.75457467064748029e-01,-6.95729893992231741e-15
 311, 9.33356318400872409e-01, 9.33356318400872076e-01,-3.56848612712231299e-16, 8.71154017098832778e-01, 1.18386153530491709e-15
 312, 9.31008727880230480e-01, 9.31008727880231035e-01, 5.96247377375811811e-16, 8.66777251389158510e-01,-3.77114820733611599e-15
 313, 9.29204772751306085e-01, 9.29204772751306307e-01, 2.38961972039353371e-16, 8.63421509703809820e-01, 1.98981347176421519e-15
 314, 9.27888755363844075e-01, 9.27888755363844187e-01, 1.19650444970616708e-16, 8.60977542330663259e-01,-2.43039966346565188e-16
 315, 9.26888210590665396e-01, 9.26888210590665174e-01,-2.39559207235500357e-16, 8.59121754931967185e-01, 8.74426198090323690e-16
 316, 9.25208954615990176e-01, 9.25208954615990176e-01, 0.00000000000000000e+00, 8.56011609701613496e-01, 7.45879813791305931e-17
 317, 9.24716673500376229e-01, 9.24716673500376118e-01,-1.20060885289607016e-16, 8.55100926249603654e-01, 1.31035200585610157e-15
 318, 9.21796335187518134e-01, 9.21796335187517912e-01,-2.40882499147560042e-16, 8.49708483565140504e-01, 7.18648471577925712e-16
 319, 9.18073159720296017e-01, 9.18073159720296572e-01, 6.04648449238730440e-16, 8.42858326598804108e-01,-2.40406806272516320e-15
 320, 9.15705541918440447e-01, 9.15705541918440669e-01, 2.42484723265776908e-16, 8.38516639500137440e-01,-4.32565277333588553e-15
 321, 9.15082813588366295e-01, 9.15082813588366517e-01, 2.42649737955754154e-16, 8.37376555724804184e-01, 2.05730959466001715e-15
 322, 9.11559122851973491e-01, 9.11559122851973380e-01,-1.21793858104521843e-16, 8.30940034454657916e-01,-8.32456262571824590e-16
 323, 9.10695321714734218e-01, 9.10695321714734107e-01,-1.21909380464888595e-16, 8.29365968993086566e-01,-1.00630598123685604e-14
 324, 9.05436486822196462e-01, 9.05436486822196462e-01, 0.00000000000000000e+00, 8.19815231668916344e-01,-3.17374403383029134e-15
 325, 9.03520435303536762e-01, 9.03520435303536651e-01,-1.22877466988577658e-16, 8.16349177011080784e-01,-7.21203133028710949e-15
 326, 9.01184651335980913e-01, 9.01184651335980913e-01, 0.00000000000000000e+00, 8.12133775803538294e-01,-9.35254593603318866e-15
 327, 9.00541177798822368e-01, 9.00541177798822257e-01,-1.23283982120490701e-16, 8.10974412911267817e-01,-1.38001007486124278e-14
 328, 8.98511687812362569e-01, 8.98511687812362791e-01, 2.47124893239453540e-16, 8.07323253135392771e-01,-1.71703534220709379e-14
 329, 8.96939273585715124e-01, 8.96939273585715013e-01,-1.23779062565383270e-16, 8.04500060500471292e-01, 6.01126248181299806e-16
 330, 8.94308682299643443e-01, 8.94308682299643665e-01, 2.48286312455405574e-16, 7.99788019236526537e-01, 1.21827595403533721e-15
 331, 8.93751265823004015e-01, 8.93751265823003904e-01,-1.24220582065729010e-16, 7.98791325160216892e-01,-3.18812609108342200e-15
 332, 8.91378545480650430e-01, 8.91378545480650208e-01,-2.49102478459698729e-16, 7.94555711343203241e-01, 2.04737181087542913e-15
 333, 8.88477907348268703e-01, 8.88477907348268703e-01, 0.00000000000000000e+00, 7.89392991845883962e-01,-4.73675118878286134e-14
 334, 8.84074353904156895e-01, 8.84074353904156784e-01,-1.25580277238255525e-16, 7.81587463230997703e-01,-3.50256760649349123e-14
 335, 8.82553473793858401e-01, 8.82553473793858401e-01, 0.00000000000000000e+00, 7.78900634105606615e-01,-5.88443483643076459e-17
 336, 8.81906740469478700e-01, 8.81906740469478923e-01, 2.51777874842896607e-16, 7.77759498885500888e-01, 2.74951766155340948e-16
 337, 8.79007363924444785e-01, 8.79007363924445007e-01, 2.52608355786331259e-16, 7.72653945833398970e-01,-1.51737694965012068e-15
 338, 8.77911257137262369e-01, 8.77911257137262480e-01, 1.26461873634634574e-16, 7.70728175408325611e-01,-1.81332001032943306e-15
 339, 8.75998356774487341e-01, 8.75998356774487452e-01, 1.26738025937983218e-16, 7.67373121071610154e-01, 5.30498890309258369e-15
 340, 8.74227883444773202e-01, 8.74227883444773091e-01,-1.26994693906407716e-16, 7.64274392192330176e-01, 1.45119961986897450e-15
 341, 8.70896399145594802e-01, 8.70896399145594691e-01,-1.27480493169377724e-16, 7.58460538044763433e-01, 1.67816117961251145e-16
 342, 8.70019870660068695e-01, 8.70019870660068695e-01, 0.00000000000000000e+00, 7.56934575343343741e-01,-1.24977616307566285e-14
 343, 8.69754939876467681e-01, 8.69754939876467237e-01,-5.10591190103659693e-16, 7.56473655439520387e-01, 1.63698327842804177e-15
 344, 8.67217127770467111e-01, 8.67217127770466778e-01,-3.84064032780153172e-16, 7.52065546698453380e-01,-3.52277483192147331e-15
 345, 8.66424414220308581e-01, 8.66424414220308248e-01,-3.84415422650886827e-16, 7.50691265557001164e-01,-2.46316184227215375e-15
 346, 8.64466410240801619e-01, 8.64466410240801175e-01,-5.13714824068594238e-16, 7.47302174434571698e-01,-3.09279902797039067e-14
 347, 8.61030096805216472e-01, 8.61030096805215917e-01,-6.44706281896852712e-16, 7.41372827604399709e-01,-4.98702974502438509e-16
 348, 8.58714919041428160e-01, 8.58714919041428271e-01, 1.29288894370728236e-16, 7.37391312184330849e-01, 2.93658764621248308e-15
 349, 8.57550235448845455e-01, 8.57550235448845233e-01,-2.58928976689992061e-16, 7.35392406318366221e-01,-2.75699937997573822e-15
 350, 8.56442118874179426e-01, 8.56442118874179315e-01,-1.29631997324533763e-16, 7.33493102981692902e-01,-8.04819749014378317e-16
 351, 8.52686934057182655e-01, 8.52686934057182433e-01,-2.60405778552882827e-16, 7.27075007511823412e-01,-1.01427923595088802e-14
 352, 8.50531909234223615e-01, 8.50531909234223726e-01, 1.30532789254755394e-16, 7.23404528625596677e-01,-1.16959418747092938e-14
 353, 8.48690785963996719e-01, 8.48690785963996830e-01, 1.30815963008729375e-16, 7.20276050180164273e-01,-1.54223588889676136e-14
 354, 8.47846431998893313e-01, 8.47846431998893424e-01, 1.30946240111865648e-16, 7.18843572253238139e-01,-1.10480775006882271e-14
 355, 8.46190487226358701e-01, 8.46190487226358479e-01,-2.62404988329340148e-16, 7.16038340672384477e-01, 1.50082071816197550e-15
 356, 8.44614560130250380e-01, 8.44614560130250602e-01, 2.62894597614785597e-16, 7.13373755184012914e-01,-2.39769372145887343e-15
 357, 8.43306796420814853e-01, 8.43306796420814964e-01, 1.31651141593687451e-16, 7.11166352889551989e-01, 1.00700266762374642e-14
 358, 8.40154376422099336e-01, 8.40154376422099447e-01, 1.32145121870718300e-16, 7.05859376221205093e-01,-1.05690287902459265e-15
 359, 8.37511528226194790e-01, 8.37511528226194790e-01, 0.00000000000000000e+00, 7.01425559911754481e-01,-1.55335876219419015e-14
 360, 8.35917838155780135e-01, 8.35917838155780468e-01, 3.98444550629959420e-16, 6.98758632147029712e-01,-2.37510306352077373e-15
 361, 8.33910873887010906e-01, 8.33910873887010573e-01,-3.99403482814729671e-16, 6.95407345586991466e-01,-4.84783778115651863e-15
 362, 8.30303064974865945e-01, 8.30303064974865723e-01,-2.67425972866609624e-16, 6.89403179706647773e-01,-6.30024514250713596e-15
 363, 8.28903436779555469e-01, 8.28903436779555691e-01, 2.67877529604311973e-16, 6.87080907504918459e-01,-2.91462654970816618e-14
 364, 8.26166097761093177e-01, 8.26166097761093288e-01, 1.34382544579577460e-16, 6.82550421089788695e-01,-2.54427888968413868e-15
 365, 8.24956103220466419e-01, 8.24956103220466530e-01, 1.34579648576580518e-16, 6.80552572240690212e-01,-4.87292667978336342e-15
 366, 8.23387055557073366e-01, 8.23387055557073477e-01, 1.34836103765806777e-16, 6.77966243258940171e-01,-5.05273280444669976e-15
 367, 8.21308354106730532e-01, 8.21308354106730754e-01, 2.70354738040538917e-16, 6.74547412525485779e-01,-1.54855312880627336e-14
 368, 8.18322601505219738e-01, 8.18322601505219294e-01,-5.42682322391201799e-16, 6.69651880134267574e-01,-2.30474373514554465e-15
 369, 8.16047980999026867e-01, 8.16047980999026756e-01,-1.36048743514565533e-16, 6.65934307292575856e-01,-9.20481352360950125e-15
 370, 8.13039319829528484e-01, 8.13039319829528595e-01, 1.36552193423798880e-16, 6.61032935588858117e-01,-3.17083794456161111e-15
 371, 8.11029154645653061e-01, 8.11029154645653394e-01, 4.10671928967913987e-16, 6.57768289685241370e-01,-9.56496631434057480e-16
 372, 8.10366044408287522e-01, 8.10366044408287522e-01, 0.00000000000000000e+00, 6.56693125929874499e-01,-4.57790904878952802e-14
 373, 8.09934973636354472e-01, 8.09934973636354139e-01,-4.11226725884154401e-16, 6.55994661519293421e-01,-2.19456791281045244e-14
 374, 8.07162069303991703e-01, 8.07162069303991592e-01,-1.37546481288756725e-16, 6.51510606123099412e-01,-1.91315872362867387e-15
 375, 8.05204978632393042e-01, 8.05204978632392598e-01,-5.51523179357794774e-16, 6.48355057614356078e-01,-2.81155637180135975e-14
 376, 8.03253258821980620e-01, 8.03253258821980842e-01, 2.76431626621313832e-16, 6.45215797808130431e-01,-1.05065614336929046e-15
 377, 8.00806755476614174e-01, 8.00806755476614396e-01, 2.77276138602099542e-16, 6.41291459616983861e-01, 1.66534919085699483e-15
 378, 7.99974214945071260e-01, 7.99974214945070816e-01,-5.55129404865324534e-16, 6.39958744576987648e-01, 3.57371330864045654e-15
 379, 7.95839522971674596e-01, 7.95839522971674596e-01, 0.00000000000000000e+00, 6.33360546323781914e-01,-5.22456501777670248e-16
 380, 7.94236786934868655e-01, 7.94236786934868655e-01, 0.00000000000000000e+00, 6.30812073720579347e-01,-3.53522677540460834e-14
 381, 7.91615074451090805e-01, 7.91615074451090805e-01, 0.00000000000000000e+00, 6.26654426098199102e-01,-5.53479051972057714e-15
 382, 7.88663192308524774e-01, 7.88663192308524552e-01,-2.81545540720718121e-16, 6.21989630902261226e-01,-9.56993638974187038e-15
 383, 7.87913423714793004e-01, 7.87913423714793226e-01, 2.81813455948183562e-16, 6.20807563269963669e-01,-2.63016718603202178e-15
 384, 7.87471719738785825e-01, 7.87471719738785603e-01,-2.81971529083846044e-16, 6.20111709388369237e-01, 6.76353045921845458e-15
 385, 7.84900230108719787e-01, 7.84900230108719787e-01, 0.00000000000000000e+00, 6.16068371224705702e-01,-1.26369120230637547e-14
 386, 7.82811533047242714e-01, 7.82811533047242714e-01, 0.00000000000000000e+00, 6.12793896271775496e-01, 9.17500188541137926e-16
 387, 7.79917622085203655e-01, 7.79917622085203432e-01,-2.84702638634280792e-16, 6.08271497239025738e-01,-1.05292016133390520e-14
 388, 7.79289917160469470e-01, 7.79289917160469581e-01, 1.42465980911253358e-16, 6.07292774987967965e-01,-2.80229471436959486e-15
 389, 7.76015713261320017e-01, 7.76015713261319906e-01,-1.43067080427956956e-16, 6.02200387228470801e-01,-3.69173144500793029e-15
 390, 7.74372011051651432e-01, 7.74372011051651099e-01,-4.30112275022981231e-16, 5.99652011500188542e-01, 7.98325905258312722e-15
 391, 7.71394583768679643e-01, 7.71394583768679865e-01, 2.87848281018805384e-16, 5.95049603867624066e-01,-2.55844134129456224e-14
 392, 7.70576163959489469e-01, 7.70576163959489580e-01, 1.44077000632934566e-16, 5.93787624462515429e-01,-5.53008050085630877e-15
 393, 7.68821764130101948e-01, 7.68821764130101948e-01, 0.00000000000000000e+00, 5.91086905000111296e-01,-9.15129290840364776e-15
 394, 7.67634590327864852e-01, 7.67634590327864519e-01,-4.33887309905212275e-16, 5.89262864267824149e-01,-4.03337236619894106e-15
 395, 7.63884683679147525e-01, 7.63884683679147303e-01,-2.90678173903924116e-16, 5.83519809959555547e-01,-3.06127548527675161e-14
 396, 7.61262022541852379e-01, 7.61262022541852268e-01,-1.45839801769977185e-16, 5.79519866964500197e-01,-9.97635393982750179e-15
 397, 7.59257339630371009e-01, 7.59257339630371009e-01, 0.00000000000000000e+00, 5.76471707782592713e-01, 3.60992637012595578e-15
 398, 7.57970153588865547e-01, 7.57970153588865769e-01, 2.92946369819030702e-16, 5.74518753731529719e-01, 1.12408156602678358e-15
 399, 7.54469665862097849e-01, 7.54469665862097738e-01,-1.47152771656704801e-16, 5.69224476706048477e-01,-1.50203604998767147e-14
 400, 7.52786112480333003e-01, 7.52786112480333003e-01, 0.00000000000000000e+00, 5.66686931143240313e-01,-1.08157210919720000e-14
 401, 7.50983989078425784e-01, 7.50983989078425784e-01, 0.00000000000000000e+00, 5.63976951852125596e-01,-1.73245052611466065e-14
 402, 7.50432544380031707e-01, 7.50432544380031485e-01,-2.95888826501351962e-16, 5.63149003664655146e-01,-2.93995455861068652e-14
 403, 7.47862923021055725e-01, 7.47862923021055614e-01,-1.48452743203302076e-16, 5.59298951629543684e-01,-4.81300755350803364e-14
 404, 7.44984853961980331e-01, 7.44984853961980553e-01, 2.98052509046530449e-16, 5.55002432632742293e-01,-9.79105402886886183e-15
 405, 7.42150388667367933e-01, 7.42150388667367933e-01, 0.00000000000000000e+00, 5.50787199399126681e-01, 1.26739756402846330e-15
 406, 7.41510723064207289e-01, 7.41510723064207289e-01, 0.00000000000000000e+00, 5.49838152419203530e-01, 1.30131622308116637e-17
 407, 7.39181083216293944e-01, 7.39181083216293833e-01,-1.50196352400470038e-16, 5.46388673784816592e-01, 2.67185230012398654e-15
 408, 7.36337999362076889e-01, 7.36337999362077222e-01, 4.52328832242934600e-16, 5.42193649304546721e-01, 7.15156620509092889e-16
 409, 7.33297113077976070e-01, 7.33297113077976404e-01, 4.54204580172852629e-16, 5.37724656048495286e-01, 1.17417502390713189e-15
 410, 7.32973935503392848e-01, 7.32973935503392515e-01,-4.54404844776373682e-16, 5.37250790127332123e-01, 2.08416805432913580e-16
 411, 7.30609162421170466e-01, 7.30609162421170355e-01,-1.51958541136547100e-16, 5.33789748213763571e-01,-6.33135855233474808e-16
 412, 7.27654726335692170e-01, 7.27654726335691837e-01,-4.57726577362862801e-16, 5.29481400758667453e-01,-3.41015240107546905e-15
 413, 7.26762089376912446e-01, 7.26762089376912335e-01,-1.52762924876420468e-16, 5.28183134555496481e-01, 1.14236532933709935e-15
 414, 7.24122568252902998e-01, 7.24122568252902887e-01,-1.53319765644620298e-16, 5.24353493853171759e-01,-8.01178124976641586e-15
 415, 7.21367909625476367e-01, 7.21367909625476478e-01, 1.53905241668092505e-16, 5.20371661037417277e-01,-1.16860520535140259e-14
 416, 7.20140660115705211e-01, 7.20140660115705100e-01,-1.54167523945499297e-16, 5.18602570351885839e-01, 2.10602774288243840e-15
 417, 7.16779112789394213e-01, 7.16779112789393991e-01,-3.09781076154590732e-16, 5.13772296531147643e-01,-3.37416331336936301e-15
 418, 7.12768180166410192e-01, 7.12768180166409859e-01,-4.67286442710988775e-16, 5.08038478657663717e-01,-7.13165510893199288e-14
 419, 7.11541157213893993e-01, 7.11541157213893771e-01,-3.12061505752482040e-16, 5.06290818409282584e-01,-4.76442341888115646e-15
 420, 7.08997241840189751e-01, 7.08997241840189529e-01,-3.13181197078734014e-16, 5.02677088936959504e-01,-3.68117888997940652e-14
 421, 7.07193255255938125e-01, 7.07193255255938125e-01, 0.00000000000000000e+00, 5.00122300279486010e-01,-4.44531729603758482e-15
 422, 7.05520773152840563e-01, 7.05520773152840786e-01, 3.14724404120314474e-16, 4.97759561350153923e-01,-2.81170449033571279e-14
 423, 7.03419906049818300e-01, 7.03419906049818189e-01,-1.57832187442606611e-16, 4.94799564227125233e-01,-1.00758280520611687e-14
 424, 7.01867540605022877e-01, 7.01867540605023210e-01, 4.74543825036326786e-16, 4.92618044554939294e-01,-4.20539749114223972e-15
 425, 6.99928985809477155e-01, 6.99928985809477155e-01, 0.00000000000000000e+00, 4.89900585176272996e-01,-1.04894036254557075e-14
 426, 6.96728908132461022e-01, 6.96728908132461133e-01, 1.59347920212043600e-16, 4.85431171427465946e-01, 1.50745622331846558e-14
 427, 6.91663588415976194e-01, 6.91663588415976305e-01, 1.60514886603724588e-16, 4.78398519540463196e-01,-1.79905210307709677e-15
 428, 6.90367471742688643e-01, 6.90367471742688643e-01, 0.00000000000000000e+00, 4.76607246040401999e-01, 1.04879987177321720e-14
 429, 6.88180339777700767e-01, 6.88180339777700545e-01,-3.22654676529639302e-16, 4.73592180056548184e-01,-3.68689684577471629e-15
 430, 6.86439228588939132e-01, 6.86439228588938799e-01,-4.85209605622637927e-16, 4.71198814545770839e-01,-7.41926868805826259e-15
 431, 6.84597408352879078e-01, 6.84597408352878967e-01,-1.62171666307694618e-16, 4.68673611523471756e-01,-7.37405969396374688e-15
 432, 6.80285301010552734e-01, 6.80285301010552623e-01,-1.63199619773635903e-16, 4.62788090771014904e-01,-3.71350853567930014e-15
 433, 6.78584388362960089e-01, 6.78584388362960422e-01, 4.90826068355402082e-16, 4.60476772129925049e-01,-8.24666084151363958e-15
 434, 6.76894427779571095e-01, 6.76894427779571206e-01, 1.64017161179335010e-16, 4.58186066359027366e-01,-6.13582754089587491e-15
 435, 6.73354021886206855e-01, 6.73354021886207077e-01, 3.29759083198222333e-16, 4.53405638790333909e-01, 3.93569397979206469e-15
 436, 6.72039616679306673e-01, 6.72039616679307006e-01, 4.95606061192199803e-16, 4.51637246386467572e-01,-2.07591503658549185e-15
 437, 6.71081173048160839e-01, 6.71081173048160839e-01, 0.00000000000000000e+00, 4.50349940819689654e-01,-6.59562708183112245e-15
 438, 6.67937458695920916e-01, 6.67937458695921027e-01, 1.66216613572287536e-16, 4.46140448729174466e-01, 1.05418504493607694e-14
 439, 6.66265206475681104e-01, 6.66265206475680882e-01,-3.33267597897798987e-16, 4.43909325360090035e-01, 9.07893838960644584e-15
 440, 6.63512480207236299e-01, 6.63512480207236299e-01, 0.00000000000000000e+00, 4.40248811390745787e-01,-1.40319430206901975e-14
 441, 6.61340258490561106e-01, 6.61340258490561106e-01, 0.00000000000000000e+00, 4.37370937500360046e-01,-2.44024904430902206e-15
 442, 6.59229625727182134e-01, 6.59229625727182023e-01,-1.68412186178752694e-16, 4.34583699436387971e-01,-1.45711078699989769e-14
 443, 6.57489718401004897e-01, 6.57489718401004675e-01,-3.37715706741448474e-16, 4.32292729803027964e-01,-5.49736199877589770e-15
 444, 6.56096041932411556e-01, 6.56096041932411445e-01,-1.69216540516720168e-16, 4.30462016239375966e-01,-9.01193753621028744e-16
 445, 6.55467392972446272e-01, 6.55467392972446272e-01, 0.00000000000000000e+00, 4.29637503250098696e-01, 3.94161417428881768e-15
 446, 6.50973624922076000e-01, 6.50973624922076111e-01, 1.70548080923870676e-16, 4.23766660344180091e-01,-8.96301782124859604e-15
 447, 6.48796089077638194e-01, 6.48796089077638416e-01, 3.42240973185737464e-16, 4.20936365202436158e-01,-2.94130047316511968e-15
 448, 6.47197794811822158e-01, 6.47197794811822158e-01, 0.00000000000000000e+00, 4.18864985609281149e-01,-5.14202054613496623e-15
 449, 6.45284140001693540e-01, 6.45284140001693540e-01, 0.00000000000000000e+00, 4.16391621337728834e-01, 4.32901837228104011e-15
 450, 6.43281731963341263e-01, 6.43281731963341374e-01, 1.72587370270360000e-16, 4.13811386677758686e-01, 3.20550702653513363e-15
 451, 6.39602701119683870e-01, 6.39602701119683870e-01, 0.00000000000000000e+00, 4.09091615279605192e-01, 1.16579210780223375e-14
 452, 6.38649167951498176e-01, 6.38649167951498398e-01, 3.47678531606408279e-16, 4.07872759725144751e-01, 4.69111370306634765e-15
 453, 6.36409427302662478e-01, 6.36409427302662478e-01, 0.00000000000000000e+00, 4.05016959159670342e-01,-4.01161638584108880e-14
 454, 6.33998523432390604e-01, 6.33998523432390715e-01, 1.75114449575457152e-16, 4.01954127714444109e-01,-9.24010888348231306e-15
 455, 6.31465908888047545e-01, 6.31465908888047545e-01, 0.00000000000000000e+00, 3.98749194087792025e-01,-1.99850795896792478e-14
 456, 6.28162166388116172e-01, 6.28162166388116172e-01, 0.00000000000000000e+00, 3.94587707281405853e-01,-6.96169792866785025e-15
 457, 6.22491065850461212e-01, 6.22491065850461212e-01, 0.00000000000000000e+00, 3.87495127063639311e-01,-5.06525624382181298e-15
 458, 6.21196490259272927e-01, 6.21196490259272927e-01, 0.00000000000000000e+00, 3.85885079510444873e-01, 7.65630479988238464e-15
 459, 6.19468061591752162e-01, 6.19468061591752384e-01, 3.58443992018696346e-16, 3.83740679332234214e-01,-1.12523935121435626e-14
 460, 6.13852996435368392e-01, 6.13852996435368281e-01,-1.80861383926151472e-16, 3.76815501232662886e-01,-2.32391865437259210e-14
 461, 6.13118637839225156e-01, 6.13118637839224823e-01,-5.43234028183115400e-16, 3.75914464065827014e-01, 1.02828967248854689e-16
 462, 6.12313315285755166e-01, 6.12313315285755388e-01, 3.62632331164327606e-16, 3.74927596076229885e-01,-3.63561930646072098e-15
 463, 6.08228301514360803e-01, 6.08228301514361247e-01, 7.30135721643293642e-16, 3.69941666762993449e-01,-6.85881938866153974e-14
 464, 6.05024923221610389e-01, 6.05024923221610500e-01, 1.83500378581677145e-16, 3.66055157719309965e-01,-7.62350889220870029e-15
 465, 6.00577241441174192e-01, 6.00577241441174303e-01, 1.84859323333833244e-16, 3.60693022937092600e-01, 2.99493767002763038e-15
 466, 5.98573232994023985e-01, 5.98573232994023985e-01, 0.00000000000000000e+00, 3.58289915256925495e-01, 1.02872492271706291e-14
 467, 5.96280717759106405e-01, 5.96280717759106293e-01,-1.86191334309367948e-16, 3.55550694371317810e-01, 3.79464848766538514e-15
 468, 5.94951256430557684e-01, 5.94951256430557684e-01, 0.00000000000000000e+00, 3.53966997528296246e-01,-4.18262975225631996e-15
 469, 5.93398422489713528e-01, 5.93398422489713639e-01, 1.87095715550946226e-16, 3.52121687813288120e-01, 1.07431127254124137e-14
 470, 5.91704490117249460e-01, 5.91704490117249571e-01, 1.87631333405152936e-16, 3.50114203624911580e-01,-3.69014396820935057e-15
 471, 5.91333010670201942e-01, 5.91333010670201720e-01,-3.75498409387582718e-16, 3.49674729508292981e-01, 1.11778615860908107e-14
 472, 5.85393813913686611e-01, 5.85393813913686611e-01, 0.00000000000000000e+00, 3.42685917368413695e-01, 2.54819836417698276e-15
 473, 5.80087286704474292e-01, 5.80087286704474403e-01, 1.91388959915399787e-16, 3.36501260196154173e-01,-7.10839904099847890e-15
 474, 5.77353915128659412e-01, 5.77353915128659745e-01, 5.76885162913159178e-16, 3.33337543314394247e-01, 4.48729147473678227e-15
 475, 5.75466434020562079e-01, 5.75466434020561857e-01,-3.85851531554484025e-16, 3.31161616684338800e-01,-4.72338419034994714e-15
 476, 5.74361560333191412e-01, 5.74361560333191523e-01, 1.93296888458396817e-16, 3.29891201988366412e-01,-1.79863321010016144e-14
 477, 5.71162806370718257e-01, 5.71162806370718146e-01,-1.94379433016609365e-16, 3.26226951381278496e-01, 5.97792685992095910e-15
 478, 5.68221608766363295e-01, 5.68221608766363406e-01, 1.95385569203449450e-16, 3.22875796669034487e-01, 7.04074951524148895e-16
 479, 5.65611301133949751e-01, 5.65611301133949973e-01, 3.92574555140379071e-16, 3.19916143970444988e-01, 8.44198227327141821e-15
 480, 5.64120186474743046e-01, 5.64120186474743046e-01, 0.00000000000000000e+00, 3.18231584788297051e-01,-2.85426525226874270e-15
 481, 5.60364977367994288e-01, 5.60364977367994399e-01, 1.98124984512739795e-16, 3.14008907860642672e-01, 1.57979522562985518e-14
 482, 5.55454264664272723e-01, 5.55454264664272834e-01, 1.99876586652223610e-16, 3.08529440133729627e-01, 2.75005979428044770e-15
 483, 5.53075138968932567e-01, 5.53075138968932567e-01, 0.00000000000000000e+00, 3.05892109345501095e-01,-4.86452472992807502e-15
 484, 5.51736919453009844e-01, 5.51736919453009844e-01, 0.00000000000000000e+00, 3.04413628287495852e-01,-2.00466709271081680e-15
 485, 5.47270052369960736e-01, 5.47270052369960847e-01, 2.02865663819410538e-16, 2.99504510221015652e-01,-6.53469132918286777e-15
 486, 5.45619355856061583e-01, 5.45619355856061472e-01,-2.03479406056489238e-16, 2.97700481484780122e-01,-5.78028558864962446e-15
 487, 5.42075389830359189e-01, 5.42075389830359189e-01, 0.00000000000000000e+00, 2.93845728259727490e-01,-1.42801769020096653e-14
 488, 5.39003338343971627e-01, 5.39003338343971738e-01, 2.05977021967284000e-16, 2.90524598745949381e-01, 5.89579052966023210e-15
 489, 5.36689607932620771e-01, 5.36689607932620882e-01, 2.06865012516609152e-16, 2.88035735262856751e-01,-2.33461509804572216e-14
 490, 5.30197481817408112e-01, 5.30197481817408223e-01, 2.09398019171939473e-16, 2.81109369725520919e-01, 2.02343105440072372e-16
 491, 5.26517362284147028e-01, 5.26517362284146806e-01,-4.21723234276175501e-16, 2.77220532786655038e-01,-1.24972573672954547e-15
 492, 5.25799341117582308e-01, 5.25799341117582308e-01, 0.00000000000000000e+00, 2.76464947119693438e-01, 1.76454227787871383e-14
 493, 5.17338911862151529e-01, 5.17338911862151196e-01,-6.43807955965807777e-16, 2.67639549726712445e-01,-4.75206556039215213e-15
 494, 5.16482152772784420e-01, 5.16482152772784531e-01, 2.14958642552277323e-16, 2.66753814132815292e-01, 1.02481112995699479e-14
 495, 5.12373015889767136e-01, 5.12373015889767136e-01, 0.00000000000000000e+00, 2.62526107411972909e-01,-5.06104042489251271e-15
 496, 5.10192924385071245e-01, 5.10192924385071467e-01, 4.35216943066505129e-16, 2.60296820092592029e-01, 1.92989388108323551e-15
 497, 5.06319748271966907e-01, 5.06319748271966907e-01, 0.00000000000000000e+00, 2.56359687490200661e-01, 2.48176895757242102e-14
 498, 5.04794519068763048e-01, 5.04794519068762826e-01,-4.39871267490494323e-16, 2.54817506481861300e-01,-4.86693502018291082e-15
 499, 4.98234063913626957e-01, 4.98234063913626624e-01,-6.68494853144539104e-16, 2.48237182443886567e-01,-3.11023105868542034e-15
 500, 4.96194347190044349e-01, 4.96194347190044571e-01, 4.47495232830589599e-16, 2.46208830183356459e-01, 4.43933625264603950e-15
 501, 4.92510054649912432e-01, 4.92510054649912488e-01, 1.12710696374953077e-16, 2.42566153931260298e-01, 1.16915333681128084e-15
 502, 4.88189416618210636e-01, 4.88189416618210303e-01,-6.82249340214645627e-16, 2.38328906498043114e-01, 2.99548435290189587e-14
 503, 4.85373601499652085e-01, 4.85373601499651974e-01,-2.28735765850247285e-16, 2.35587533032741353e-01,-3.63352571797172604e-15
 504, 4.80684396626730848e-01, 4.80684396626730903e-01, 1.15483572216645680e-16, 2.31057489160405777e-01, 3.20799604832870576e-15
 505, 4.74891225855880617e-01, 4.74891225855880617e-01, 0.00000000000000000e+00, 2.25521676394901949e-01, 2.07101509181049099e-15
 506, 4.70699829720780616e-01, 4.70699829720780616e-01, 0.00000000000000000e+00, 2.21558329699179435e-01, 1.70791272079157999e-14
 507, 4.66951303990354560e-01, 4.66951303990354449e-01,-2.37759915249768642e-16, 2.18043520298292659e-01, 3.30750975852827568e-16
 508, 4.65719111952529574e-01, 4.65719111952529630e-01, 1.19194488279699460e-16, 2.16894291237849035e-01,-8.62123024847259815e-15
 509, 4.58030094467248017e-01, 4.58030094467247850e-01,-3.63586270215442476e-16, 2.09791567437677545e-01, 3.34358526260460861e-15
 510, 4.55173944777011563e-01, 4.55173944777011508e-01,-1.21955906897202967e-16, 2.07183320003869326e-01, 8.09327505195256605e-15
 511, 4.46865650736619824e-01, 4.46865650736619935e-01, 2.48446713860205812e-16, 1.99688909808278969e-01, 4.07533889684978908e-14
 512,-0.00000000000000000e+00,-0.00000000000000000e+00, 2.22704290991050678e-15,-0.00000000000000000e+00, 7.13165510893199288e-14
